{
  "users": {
    "6281347281917@s.whatsapp.net": {
      "afkTime": -1,
      "afkReason": ""
    },
    "6282370784874@s.whatsapp.net": {
      "afkTime": -1,
      "afkReason": ""
    },
    "6282149911946@s.whatsapp.net": {
      "afkTime": -1,
      "afkReason": ""
    },
    "62895419101060@s.whatsapp.net": {
      "afkTime": -1,
      "afkReason": ""
    },
    "6281936292504@s.whatsapp.net": {
      "afkTime": -1,
      "afkReason": ""
    },
    "6288224853749@s.whatsapp.net": {
      "afkTime": -1,
      "afkReason": ""
    },
    "6287884413732@s.whatsapp.net": {
      "afkTime": -1,
      "afkReason": ""
    },
    "6282377473058@s.whatsapp.net": {
      "afkTime": -1,
      "afkReason": ""
    },
    "6289531881060@s.whatsapp.net": {
      "afkTime": -1,
      "afkReason": ""
    },
    "6289502464494@s.whatsapp.net": {
      "afkTime": -1,
      "afkReason": ""
    },
    "628813181797@s.whatsapp.net": {
      "afkTime": -1,
      "afkReason": ""
    },
    "6281247852177@s.whatsapp.net": {
      "afkTime": -1,
      "afkReason": ""
    },
    "6285163608220@s.whatsapp.net": {
      "afkTime": -1,
      "afkReason": ""
    },
    "6281291674613@s.whatsapp.net": {
      "afkTime": -1,
      "afkReason": ""
    },
    "6281217062965@s.whatsapp.net": {
      "afkTime": -1,
      "afkReason": ""
    },
    "6282287527923@s.whatsapp.net": {
      "afkTime": -1,
      "afkReason": ""
    },
    "6282286256261@s.whatsapp.net": {
      "afkTime": -1,
      "afkReason": ""
    },
    "628819368515@s.whatsapp.net": {
      "afkTime": -1,
      "afkReason": ""
    },
    "6283854852162@s.whatsapp.net": {
      "afkTime": -1,
      "afkReason": ""
    },
    "6281335920869@s.whatsapp.net": {
      "afkTime": -1,
      "afkReason": ""
    },
    "6281517318461@s.whatsapp.net": {
      "afkTime": -1,
      "afkReason": ""
    },
    "601174010215@s.whatsapp.net": {
      "afkTime": -1,
      "afkReason": ""
    },
    "6282125548699@s.whatsapp.net": {
      "afkTime": -1,
      "afkReason": ""
    },
    "6287873494061@s.whatsapp.net": {
      "afkTime": -1,
      "afkReason": ""
    },
    "6282141872962@s.whatsapp.net": {
      "afkTime": -1,
      "afkReason": ""
    },
    "6281933875047@s.whatsapp.net": {
      "afkTime": -1,
      "afkReason": ""
    },
    "6285238640505@s.whatsapp.net": {
      "afkTime": -1,
      "afkReason": ""
    },
    "6282115285038@s.whatsapp.net": {
      "afkTime": -1,
      "afkReason": ""
    },
    "6285281988591@s.whatsapp.net": {
      "afkTime": -1,
      "afkReason": ""
    },
    "6288299336868@s.whatsapp.net": {
      "afkTime": -1,
      "afkReason": ""
    },
    "6288226499608@s.whatsapp.net": {
      "afkTime": -1,
      "afkReason": ""
    },
    "6281525923385@s.whatsapp.net": {
      "afkTime": -1,
      "afkReason": ""
    },
    "6281514438110@s.whatsapp.net": {
      "afkTime": -1,
      "afkReason": ""
    },
    "6288245886928@s.whatsapp.net": {
      "afkTime": -1,
      "afkReason": ""
    },
    "6281553624556@s.whatsapp.net": {
      "afkTime": -1,
      "afkReason": ""
    },
    "6288809892234@s.whatsapp.net": {
      "afkTime": -1,
      "afkReason": ""
    },
    "6285749508656@s.whatsapp.net": {
      "afkTime": -1,
      "afkReason": ""
    },
    "6281914530001@s.whatsapp.net": {
      "afkTime": -1,
      "afkReason": ""
    },
    "62895637958545@s.whatsapp.net": {
      "afkTime": -1,
      "afkReason": ""
    },
    "6281280106542@s.whatsapp.net": {
      "afkTime": -1,
      "afkReason": ""
    },
    "6283891312473@s.whatsapp.net": {
      "afkTime": -1,
      "afkReason": ""
    },
    "6283176084239@s.whatsapp.net": {
      "afkTime": -1,
      "afkReason": ""
    },
    "6281351277781@s.whatsapp.net": {
      "afkTime": -1,
      "afkReason": ""
    },
    "6285751432642@s.whatsapp.net": {
      "afkTime": -1,
      "afkReason": ""
    },
    "6283865662983@s.whatsapp.net": {
      "afkTime": -1,
      "afkReason": ""
    },
    "6287846329691@s.whatsapp.net": {
      "afkTime": -1,
      "afkReason": ""
    },
    "6288222531409@s.whatsapp.net": {
      "afkTime": -1,
      "afkReason": ""
    },
    "6283129108630@s.whatsapp.net": {
      "afkTime": -1,
      "afkReason": ""
    },
    "6285737099324@s.whatsapp.net": {
      "afkTime": -1,
      "afkReason": ""
    },
    "6281321155346@s.whatsapp.net": {
      "afkTime": -1,
      "afkReason": ""
    },
    "6282281876122@s.whatsapp.net": {
      "afkTime": -1,
      "afkReason": ""
    },
    "6283111151784@s.whatsapp.net": {
      "afkTime": -1,
      "afkReason": ""
    },
    "6283846393127@s.whatsapp.net": {
      "afkTime": -1,
      "afkReason": ""
    },
    "6285959100550@s.whatsapp.net": {
      "afkTime": -1,
      "afkReason": ""
    },
    "6285758140182@s.whatsapp.net": {
      "afkTime": -1,
      "afkReason": ""
    },
    "6287718046436@s.whatsapp.net": {
      "afkTime": -1,
      "afkReason": ""
    },
    "6288214588566@s.whatsapp.net": {
      "afkTime": -1,
      "afkReason": ""
    },
    "6285693466486@s.whatsapp.net": {
      "afkTime": -1,
      "afkReason": ""
    },
    "60197312832@s.whatsapp.net": {
      "afkTime": -1,
      "afkReason": ""
    },
    "6288274340181@s.whatsapp.net": {
      "afkTime": -1,
      "afkReason": ""
    },
    "6285695658326@s.whatsapp.net": {
      "afkTime": -1,
      "afkReason": ""
    },
    "6285776781806@s.whatsapp.net": {
      "afkTime": -1,
      "afkReason": ""
    },
    "6281366800123@s.whatsapp.net": {
      "afkTime": -1,
      "afkReason": ""
    }
  },
  "chats": {
    "120363022737892623@g.us": {
      "mute": false,
      "antilink": false
    },
    "6282370784874@s.whatsapp.net": {
      "mute": false,
      "antilink": false
    },
    "6287725161506-1630044405@g.us": {
      "mute": false,
      "antilink": false
    },
    "120363041418657346@g.us": {
      "mute": false,
      "antilink": false
    },
    "120363044487971123@g.us": {
      "mute": false,
      "antilink": false
    }
  },
  "database": {},
  "game": {},
  "settings": {
    "6283871376503@s.whatsapp.net": {
      "anticall": true,
      "status": 0,
      "autobio": false,
      "templateImage": true,
      "templateVideo": false,
      "templateGif": false,
      "templateMsg": false,
      "templateLocation": false
    }
  },
  "others": {},
  "sticker": {},
  "anonymous": {}
}